Code,Site,Command
AAIHB,Albuquerque Area Indian Health Board,ORG_ID=655961 ORG_FINGERPRINT=83a71277d674de2b49597d0c2d84d9ee USER_ID=8462485 HIDE_UI=1 HIDE_ARP=1
ACG,Ambitions Consulting Group,ORG_ID=41929 ORG_FINGERPRINT=b294533222515b073e4f4cb97561fc04 USER_ID=8462485 HIDE_UI=1 HIDE_ARP=1
ALF,Archibeque Law Firm,ORG_ID=1306163 ORG_FINGERPRINT=ca385c829ff87330a1428ed76d045021 USER_ID=8462485 HIDE_UI=1 HIDE_ARP=1
CASC,Century Automotive Service Corporation,ORG_ID=2417851 ORG_FINGERPRINT=967cdd365df3bce37d450105290153ca USER_ID=8462485 HIDE_UI=1 HIDE_ARP=1
CCR,Christ's Church Roswell,ORG_ID=638619 ORG_FINGERPRINT=cb0c2f4e4a382e78c0858b02cf20d126 USER_ID=8462485 HIDE_UI=1 HIDE_ARP=1
EES,Enterprise Electrical Services,ORG_ID=2369315 ORG_FINGERPRINT=2a0d779c7468e95d0113e492493d9ae2 USER_ID=8462485 HIDE_UI=1 HIDE_ARP=1
KAEHR,Kaehr Corporation,ORG_ID=2460748 ORG_FINGERPRINT=74d2933c4ca6990ccea90fff8514fa12 USER_ID=8462485 HIDE_UI=1 HIDE_ARP=1
BFL,Batley Family Law,ORG_ID=81317 ORG_FINGERPRINT=c02ede43ff9a8396d907b23d17559441 USER_ID=8462485 HIDE_UI=1 HIDE_ARP=1
LiftsWest,Lifts West Condominium Resort Hotel,ORG_ID=698997 ORG_FINGERPRINT=adfeb2a14659235c05a11aeb0a8a7a86 USER_ID=8462485 HIDE_UI=1 HIDE_ARP=1
MBI,Murphy Builders Inc.,ORG_ID=2372410 ORG_FINGERPRINT=121679be989e0ddab33cf0681c0c3851 USER_ID=8462485 HIDE_UI=1 HIDE_ARP=1
NHFH,New Heart Fitness & Health,ORG_ID=8271319 ORG_FINGERPRINT=29403c9d998fa110ea5700bc5d3b428b USER_ID=8462485 HIDE_UI=1 HIDE_ARP=1
NMC,New Mexico Counties,ORG_ID=1697139 ORG_FINGERPRINT=633cfdaa7d64aa4ad70d3116c4335e64 USER_ID=8462485 HIDE_UI=1 HIDE_ARP=1
NMAGO,New Mexico Attorney General's Office,ORG_ID=2372816 ORG_FINGERPRINT=df9b3a0e3036f5384a565a22a6fd2e5e USER_ID=8462485 HIDE_UI=1 HIDE_ARP=1
PBWS,Pregenzer Baysinger Wideman & Sale P.C.,ORG_ID=2252587 ORG_FINGERPRINT=985a8595ff4f5eede8b4749000fd3192 USER_ID=8462485 HIDE_UI=1 HIDE_ARP=1
PHM,Peifer Hanson Mullins & Baker P.A.,ORG_ID=7032262 ORG_FINGERPRINT=355098d4954fea93b80f99e508a90a04 USER_ID=8462485 HIDE_UI=1 HIDE_ARP=1
RRA,Robles Rael and Anaya P.C.,ORG_ID=81305 ORG_FINGERPRINT=a81aabc7a1c5668a0f970c9affd6437f USER_ID=8462485 HIDE_UI=1 HIDE_ARP=1
SFSW,Santa Fe Solid Waste Management,ORG_ID=7779423 ORG_FINGERPRINT=6e652b162ad9e69e298f2da50a53ebe6 USER_ID=8462485 HIDE_UI=1 HIDE_ARP=1
SSJ,Salazar Sullivan & Jasionowski,ORG_ID=145283 ORG_FINGERPRINT=75b44d563623e7723a940f3d14d95f1a USER_ID=8462485 HIDE_UI=1 HIDE_ARP=1
TLF,The Turner Law Firm,ORG_ID=1885928 ORG_FINGERPRINT=1e258bf01212bfefe1fbb93b1ceedf89 USER_ID=8462485 HIDE_UI=1 HIDE_ARP=1
TCNM,Torrance County,ORG_ID=1927844 ORG_FINGERPRINT=ad4bd42e76b8e09f090de977039899a5 USER_ID=8462485 HIDE_UI=1 HIDE_ARP=1
TRR,Town of Red River,ORG_ID=1896559 ORG_FINGERPRINT=ac0e70b1e8bf12fd51cbf0807e9e518f USER_ID=8462485 HIDE_UI=1 HIDE_ARP=1
VOFS,Village of Fort Sumner,ORG_ID=8282424 ORG_FINGERPRINT=b076bf6f3f949ec2371247fed628ea85 USER_ID=11388098 HIDE_UI=1 HIDE_ARP=1
VOQ,Village of Questa,ORG_ID=855732 ORG_FINGERPRINT=28ef9c476cd8b7af9a17eedfc2f2bb7f USER_ID=8462485 HIDE_UI=1 HIDE_ARP=1
VTSV,Village of Taos Ski Valley,ORG_ID=2634700 ORG_FINGERPRINT=e08ae6d3555512400b756e452c930842 USER_ID=8462485 HIDE_UI=1 HIDE_ARP=1
WFL,Walther Family Law,ORG_ID=778810 ORG_FINGERPRINT=bf68bb87cb3ac62febe3e34959dfd3cc USER_ID=8462485 HIDE_UI=1 HIDE_ARP=1
